Match,Team name,Player number,Shot outcome,X-coordinate,Y-coordinate,Goal_X,Goal_Y
868713,b,88,shot_saved,78.25,75.85,-1,-1
868713,b,72,shot_saved,84.15,49.15,-1,-1
868713,a,81,shot_saved,11.18,54.4,-1,-1
868713,a,18,shot_saved,14.72,46.25,-1,-1
868713,b,16,shot_saved,88.28,54.3,-1,-1
868713,b,21,shot_offtarget,71.53,84.3,-1,-1
868713,b,70,shot_saved,88.75,47.15,-1,-1
868713,b,18,shot_blocked,65.7,63.6,-1,-1
868713,b,88,shot_saved,86.85,78.1,-1,-1
868713,b,90,shot_offtarget,76.5,39.9,-1,-1
868713,b,93,shot_blocked,69.63,77.2,-1,-1
868713,a,9,shot_offtarget,13.75,37.65,-1,-1
868713,b,70,shot_goal,83.6,66.2,45.0,11.5
868713,b,72,shot_goal,70.92,20.55,0.0,50.0
868713,a,77,shot_goal,25.3,65.25,61.5,4.5
868713,b,23,shot_saved,77.5,67.7,-1,-1
868713,b,70,shot_offtarget,80.45,52.0,-1,-1
868713,a,9,shot_saved,19.32,24.2,-1,-1
868713,a,8,shot_offtarget,28.4,50.75,-1,-1
868713,b,21,shot_saved,79.15,69.95,-1,-1
868713,a,8,shot_offtarget,14.2,55.9,-1,-1
868713,a,8,shot_blocked,13.6,70.1,-1,-1
868713,a,87,shot_goal,12.07,47.0,61.5,35.5
868713,a,8,shot_offtarget,21.45,77.8,-1,-1
868713,a,77,shot_saved,15.1,75.55,-1,-1
868713,b,19,shot_offtarget,59.15,35.65,-1,-1
868713,b,92,shot_saved,71.3,41.25,-1,-1
868713,b,92,shot_saved,75.38,23.6,-1,-1
868713,b,92,shot_goal,65.47,47.9,46.5,9.0
868713,b,90,shot_blocked,73.03,76.15,-1,-1
868713,b,90,shot_saved,75.53,79.15,-1,-1
868713,a,71,shot_saved,11.32,50.15,-1,-1
868713,b,23,shot_blocked,71.6,53.35,-1,-1
868713,a,8,shot_offtarget,12.0,60.9,-1,-1
868713,b,11,shot_saved,88.0,55.75,-1,-1
868713,a,18,shot_saved,39.58,30.4,-1,-1
868713,a,18,shot_blocked,26.57,28.4,-1,-1
868713,b,88,shot_saved,88.75,59.25,-1,-1
868713,b,18,shot_offtarget,73.8,67.25,-1,-1
868713,b,8,shot_offtarget,86.78,51.35,-1,-1
868713,b,70,shot_saved,64.05,35.05,-1,-1
868713,a,81,shot_offtarget,25.07,56.5,-1,-1
868713,a,71,shot_offtarget,18.73,32.95,-1,-1
868713,b,93,shot_goal,65.63,37.2,1.0,47.0
868713,a,71,shot_saved,32.1,52.6,-1,-1
868713,b,92,shot_saved,82.4,14.65,-1,-1
868713,b,11,shot_saved,83.3,88.1,-1,-1
868713,a,81,shot_offtarget,20.55,82.5,-1,-1
868713,b,16,shot_offtarget,79.45,55.25,-1,-1
868713,a,18,shot_blocked,27.57,36.85,-1,-1
868713,b,11,shot_offtarget,71.45,21.0,-1,-1
868713,a,77,shot_blocked,21.38,24.45,-1,-1
868713,a,77,shot_saved,11.93,39.55,-1,-1
868713,a,79,shot_offtarget,13.07,49.25,-1,-1
868713,b,16,shot_saved,79.3,50.3,-1,-1
868713,b,93,shot_goal,73.65,18.4,7.5,39.5
868713,a,77,shot_blocked,24.77,81.25,-1,-1
868713,b,23,shot_blocked,75.15,31.4,-1,-1
868713,b,18,shot_goal,77.35,77.2,1.0,1.5
868713,b,16,shot_offtarget,78.85,46.5,-1,-1
868713,a,41,shot_blocked,27.35,70.55,-1,-1
868713,a,50,shot_saved,35.95,83.35,-1,-1
868713,b,23,shot_blocked,67.22,54.05,-1,-1
868713,b,93,shot_saved,70.17,87.3,-1,-1
868713,b,15,shot_saved,81.58,17.5,-1,-1
868713,b,90,shot_goal,73.72,70.85,-0.5,24.5
868713,b,60,shot_blocked,73.58,81.55,-1,-1
868713,a,79,shot_offtarget,29.98,57.1,-1,-1
868713,a,50,shot_saved,40.7,79.45,-1,-1
868713,b,11,shot_offtarget,74.33,84.25,-1,-1
868713,b,23,shot_blocked,75.38,24.15,-1,-1
868713,b,88,shot_saved,83.67,53.6,-1,-1
868713,b,19,shot_goal,78.85,14.05,4.0,31.5
868713,b,21,shot_offtarget,68.88,73.85,-1,-1
868713,b,23,shot_blocked,80.28,22.65,-1,-1
868713,a,18,shot_offtarget,7.47,36.55,-1,-1
868713,b,18,shot_saved,50.6,63.15,-1,-1
868713,b,72,shot_offtarget,76.35,69.6,-1,-1
868713,b,93,shot_offtarget,69.63,79.45,-1,-1
868713,b,38,shot_saved,82.17,57.1,-1,-1
868713,a,8,shot_saved,14.72,56.65,-1,-1
868713,a,71,shot_saved,18.95,32.15,-1,-1
868713,b,14,shot_offtarget,50.75,36.1,-1,-1
868713,a,81,shot_saved,27.2,59.05,-1,-1
868713,a,77,shot_goal,45.85,40.15,14.5,25.0
868713,b,11,shot_saved,90.78,57.1,-1,-1
868713,a,8,shot_goal,32.4,76.25,14.5,32.0
868713,b,72,shot_blocked,59.67,57.7,-1,-1
868713,b,14,shot_saved,76.65,17.2,-1,-1
868713,a,8,shot_offtarget,30.05,74.3,-1,-1
868713,a,9,shot_saved,10.35,50.45,-1,-1
868713,a,15,shot_offtarget,48.73,46.55,-1,-1
868713,a,9,shot_goal,9.68,56.65,7.5,50.0
868713,b,88,shot_saved,84.67,77.2,-1,-1
868713,b,19,shot_offtarget,58.23,14.2,-1,-1
868713,a,87,shot_blocked,19.8,28.7,-1,-1
868713,b,23,shot_saved,88.83,50.9,-1,-1
868713,b,23,shot_saved,89.42,52.6,-1,-1
868713,a,77,shot_offtarget,26.27,19.8,-1,-1
868713,b,72,shot_offtarget,79.75,73.15,-1,-1
868713,b,90,shot_saved,89.72,35.65,-1,-1
868713,b,18,shot_offtarget,63.45,33.85,-1,-1
868713,b,16,shot_blocked,72.65,33.55,-1,-1
868713,a,18,shot_blocked,26.57,64.95,-1,-1
868713,b,8,shot_blocked,64.8,44.9,-1,-1
868713,a,9,shot_saved,21.45,38.4,-1,-1
868713,a,18,shot_saved,38.83,25.55,-1,-1
868713,b,88,shot_goal,89.65,45.8,20.0,15.0
868713,b,93,shot_offtarget,56.13,43.95,-1,-1
868713,a,77,shot_saved,47.73,50.45,-1,-1
868713,b,88,shot_blocked,77.13,81.6,-1,-1
868713,a,9,shot_saved,9.68,46.1,-1,-1
868713,a,79,shot_offtarget,18.13,68.6,-1,-1
868713,b,16,shot_saved,82.03,73.45,-1,-1
868713,a,9,shot_blocked,26.9,51.7,-1,-1
868713,a,87,shot_blocked,21.15,73.3,-1,-1
868713,b,72,shot_blocked,70.1,19.35,-1,-1
868713,b,90,shot_offtarget,84.0,42.3,-1,-1
868713,a,18,shot_offtarget,45.93,23.9,-1,-1
868713,b,88,shot_offtarget,88.53,69.2,-1,-1
868713,b,90,shot_offtarget,78.55,63.75,-1,-1
868713,b,15,shot_goal,92.22,40.2,1.0,49.0
868713,a,77,shot_blocked,36.55,37.2,-1,-1
868713,a,87,shot_offtarget,39.58,31.0,-1,-1
868713,b,38,shot_saved,77.88,24.95,-1,-1
868713,b,18,shot_blocked,83.08,77.35,-1,-1
868713,a,77,shot_offtarget,42.3,12.85,-1,-1
868713,b,19,shot_offtarget,66.17,82.8,-1,-1
868713,b,93,shot_blocked,68.05,48.8,-1,-1
868713,b,93,shot_saved,88.53,63.3,-1,-1
868713,a,18,shot_goal,42.3,11.2,4.0,3.5
868713,b,19,shot_saved,86.4,84.6,-1,-1
868713,b,70,shot_saved,79.38,45.35,-1,-1
868713,a,71,shot_blocked,32.78,46.4,-1,-1
868713,b,88,shot_goal,89.5,58.0,54.0,5.5
868713,b,93,shot_saved,89.2,50.15,-1,-1
